shelf,shelf_type,livros
to-read,status_leitura,8832
currently-reading,status_leitura,8169
favorites,outro,7099
owned,status_leitura,6929
fiction,genre_proxy,6757
books-i-own,status_leitura,6395
kindle,formato,6249
ebook,formato,5985
library,status_leitura,5776
to-buy,status_leitura,5228
owned-books,status_leitura,5204
ebooks,formato,5092
wish-list,status_leitura,4814
adult,genre_proxy,4297
default,outro,4275
contemporary,genre_proxy,4267
romance,genre_proxy,4262
audiobook,formato,4181
audiobooks,formato,3907
series,outro,3886
audio,formato,3759
my-books,status_leitura,3707
favourites,outro,3638
e-book,formato,3623
read-in-2016,status_leitura,3546
read-in-2015,status_leitura,3494
i-own,status_leitura,3385
my-library,status_leitura,3148
read-in-2017,status_leitura,3081
read-in-2014,status_leitura,3061
fantasy,genre_proxy,3050
e-books,formato,3007
dnf,status_leitura,2921
maybe,status_leitura,2854
young-adult,genre_proxy,2814
novels,genre_proxy,2805
did-not-finish,status_leitura,2731
mystery,genre_proxy,2695
books,outro,2683
own-it,status_leitura,2676
adult-fiction,genre_proxy,2641
book-club,outro,2579
read-in-2013,status_leitura,2576
abandoned,status_leitura,2523
reviewed,status_leitura,2446
audible,formato,2373
ya,genre_proxy,2294
audio-books,formato,2290
read-2016,status_leitura,2274
read-2015,status_leitura,2194
