shelf,livros
to-read,8832
currently-reading,8169
favorites,7099
owned,6929
fiction,6757
books-i-own,6395
kindle,6249
ebook,5985
library,5776
to-buy,5228
owned-books,5204
ebooks,5092
wish-list,4814
adult,4297
default,4275
contemporary,4267
romance,4262
audiobook,4181
audiobooks,3907
series,3886
audio,3759
my-books,3707
favourites,3638
e-book,3623
read-in-2016,3546
read-in-2015,3494
i-own,3385
my-library,3148
read-in-2017,3081
read-in-2014,3061
fantasy,3050
e-books,3007
dnf,2921
maybe,2854
young-adult,2814
novels,2805
did-not-finish,2731
mystery,2695
books,2683
own-it,2676
adult-fiction,2641
book-club,2579
read-in-2013,2576
abandoned,2523
reviewed,2446
audible,2373
ya,2294
audio-books,2290
read-2016,2274
read-2015,2194
