book_id,reviews,nota_media
2767052,16,4.625
9460487,15,4.066666666666666
11870085,13,4.230769230769231
22557272,13,3.6153846153846154
16143347,9,4.222222222222222
18710190,9,3.888888888888889
99561,9,3.0
6148028,8,4.375
8490112,8,4.375
29056083,8,2.875
10818853,8,2.375
2657,7,4.857142857142857
4667024,7,4.714285714285714
11735983,7,4.571428571428571
13335037,7,4.428571428571429
10194157,7,4.142857142857143
16160797,7,4.0
9969571,7,3.857142857142857
2429135,7,3.4285714285714284
8442457,6,4.5
7937843,6,4.333333333333333
6339664,6,4.166666666666667
8908,6,4.166666666666667
16096824,6,4.0
18143977,6,4.0
18214414,6,4.0
256683,6,4.0
15783514,6,3.8333333333333335
9361589,6,3.8333333333333335
19063,6,2.6666666666666665
