user_id,reviews
a2d6dd1685e5aa0a72c9410f8f55e056,12
4922591667fd3e8adc0c5e3d42cf557a,7
459a6c4decf925aedd08e45045c0d8c6,5
964461db234739521f7b56a113aa1fdd,5
3b08de7fa9b6d6aecbfe126f6541385f,5
c03a99d9a93a3ab044e37657f6c420aa,5
59151b639f247aa97fffd5c71701db29,4
890894752a80a2a34de343a579b34f4a,4
b11fb9f8b16ed8c8021fcc2a193a6016,4
4c4e85137dbb6f9c07b27029e823b0ec,4
f018a00a32b91fccb204b771b8850672,4
667b94d4c7e0b014bb6ab3636999e712,4
666a01111f672fb40ea1cb59ba77e1c8,4
d24366bb8141002d92cec9e3f4a84e9f,4
8273fc29780c84559cbd533fc969c0a6,4
7b82d02a42678fbdaaee5e119981bdb8,4
b7a0f2b922281a2d25b45800090ad267,4
ed437ccd59a1b87f8388286120839693,4
f42991d78ab19209d969358ac58e670e,4
c0de33bef8ae0f47f038b580864fd22c,4
3e0ee81daa84a4a9b9a8e41b0bd0fefb,3
31c85fc6bf4ed80533c3212fc88b8386,3
f2715e6c557354ea3beb7639efec8124,3
2be175c86ecf349cafb4d136c37f24f7,3
820de2d1765b4f742e69bfef1f6054c3,3
3b03b0e3350e312351cb0c5e7899a1f0,3
73a17ac2496c5a4c4680be8d12c9a08e,3
afb819eff9cb3f10a95a59badd7dba4d,3
58f7d3af14dfa25acd9ec029fcc43bec,3
c16247b4c854075520de11aff519860e,3
